<?xml version="1.0" encoding="UTF-8"?>
<project-private xmlns="http://www.netbeans.org/ns/project-private/1">
    <editor-bookmarks xmlns="http://www.netbeans.org/ns/editor-bookmarks/2" lastBookmarkId="0"/>
    <open-files xmlns="http://www.netbeans.org/ns/projectui-open-files/2">
        <group>
            <file>file:/C:/Users/Rúben/Desktop/CD%20FINAL/ElectionLedgerMerged/src/electionledger/miner/MiningListener.java</file>
            <file>file:/C:/Users/Rúben/Desktop/CD%20FINAL/ElectionLedgerMerged/src/electionledger/node/RemoteObject.java</file>
            <file>file:/C:/Users/Rúben/Desktop/CD%20FINAL/ElectionLedgerMerged/src/electionledger/utils/Credentials.java</file>
            <file>file:/C:/Users/Rúben/Desktop/CD%20FINAL/ElectionLedgerMerged/src/electionledger/minerGUI/ServerMiner.java</file>
            <file>file:/C:/Users/Rúben/Desktop/CD%20FINAL/ElectionLedgerMerged/nbproject/project.properties</file>
            <file>file:/C:/Users/Rúben/Desktop/CD%20FINAL/ElectionLedgerMerged/build.xml</file>
        </group>
    </open-files>
</project-private>
